<?xml version="1.0" encoding="UTF-8"?>
<beans xmlns="http://www.springframework.org/schema/beans"
	xmlns:xsi="http://www.w3.org/2001/XMLSchema-instance"
	xmlns:context="http://www.springframework.org/schema/context"
	xmlns:tx="http://www.springframework.org/schema/tx"
	xsi:schemaLocation="http://www.springframework.org/schema/beans http://www.springframework.org/schema/beans/spring-beans.xsd
		http://www.springframework.org/schema/context http://www.springframework.org/schema/context/spring-context.xsd
		http://www.springframework.org/schema/tx http://www.springframework.org/schema/tx/spring-tx.xsd">

  
  <context:component-scan base-package = "com.lti.repo,com.lti.service"/>
	
	<bean id = "emf" class = "org.springframework.orm.jpa.LocalContainerEntityManagerFactoryBean">
		
		<property name = "persistenceUnitName" value = "SpringREST" />
	</bean>
	
	<bean id = "txnMgr" class = "org.springframework.orm.jpa.JpaTransactionManager">
		<property name = "entityManagerFactory" ref = "emf" />
	</bean>
	
	<tx:annotation-driven transaction-manager = "txnMgr" />
  
 
</beans>